,PB Ratio,EBITDA to EV,PE Ratio,Dividend Yield,Price to Cashflow,Net Debt Change,VC2_Score
TISI,0.9786900661276284,0.040608661048512615,-27.47,,5.170025536983862e-07,0.1520343955257985,0.28328611898017
BGG,0.4997824906492075,0.021824950375037126,-4.57,0.09272014202977968,-3.082345861715076e-08,-0.20648659121993923,0.56657223796034
BE,-6.929608617842725,-0.07906393806649599,-3.43,,3.49175749901238e-07,0.346858438705625,0.84985835694051
BECN,1.0449586807957203,0.09032370289612299,-58.2,,8.559755300346134e-08,0.03718935670324451,1.13314447592068
VRTV,0.4647032604388718,0.10270262203191503,-10.21,,1.7092038364740288e-07,0.034401288757299774,1.41643059490085
TGI,-1.8741790582371962,0.030306699419807372,-6.42,0.007680855738427801,-6.612779958880366e-07,0.011761001365366367,1.69971671388102
ACM,2.099792619474769,0.09028009468157383,-30.44,,5.959826583649804e-08,0.009231075367149984,1.9830028328611897
REVG,1.2890147456854144,0.07301307571709938,-54.0,0.01963116727997212,3.376931847603275e-07,0.06133458460510872,2.26628895184136
NAV,-0.6864883667923642,0.15448629685771978,11.21,,7.108299943186541e-08,0.04116851265420155,2.5495750708215295
RRD,-0.8347049410803016,0.22181256505882277,-8.51,0.0398134578949028,1.014476311746051e-07,0.04448763234334707,2.8328611898017
AFI,0.21448726152855413,4.207468388152528,-1.63,,1.1642084486122028e-07,0.04894709834075298,3.1161473087818696
FLR,0.9309663530248062,0.30578036847038054,-2.06,0.04667432340822247,-7.48608399598894e-07,0.026630258179387925,3.39943342776204
TPC,0.3155913805276067,0.209802743629267,-2.25,,4.863928264197578e-08,0.002450926387985255,3.6827195467422094
UNVR,3.2628070717469675,0.10293825862673325,-74.0,,1.039855796559508e-07,0.10622209579876637,3.9660056657223794
QUAD,0.4191956359254264,0.3283738675658438,-1.3,0.27243632585482497,-3.6122491843060233e-07,-0.02147464260381537,4.2492917847025495
TPIC,3.25625904634461,0.06527131933358409,-29.55,,3.0792621522769417e-07,0.04848772590871272,4.53257790368272
WCC,1.0192522732873872,0.12415476427556732,10.0,,4.179272138273974e-07,0.07932035590921342,4.815864022662889
PBI,2.6833558197148064,0.20143745119509773,6.39,0.09639498263993745,3.903108359109283e-08,0.1333884040164093,5.099150141643059
DNOW,0.9309031270385418,0.09220875281113175,19.5,,1.0009630190882489e-07,-0.002198524819017845,5.382436260623229
NNBR,0.9655907666207142,0.07029766321097851,-1.59,0.03223084275683201,3.120818670635729e-07,-0.07388288909962276,5.6657223796034
ACCO,1.1379414733807511,0.15962421471996133,9.73,0.02738324761813673,4.851612948460408e-08,0.04589728388594224,5.94900849858357
MAXR,1.752791993700445,0.08306364850377107,-1.42,0.01743900256160165,2.147156003713246e-07,0.10027674707073106,6.232294617563739
GTES,1.9449419678416504,0.11630808505204036,5.0,,1.5580941157320355e-07,0.2946604067448111,6.515580736543909
J,2.2963974687245567,0.06011682251679481,-147.52,0.007233065398175872,-6.419345360714748e-07,0.18701242743779822,6.79886685552408
AEGN,1.544592269433953,0.1081973469021234,-83.08,,1.2934200420113837e-06,0.1620455568439709,7.0821529745042495
HUBG,1.872112278216196,0.09645905152847369,16.77,,-8.00750109435355e-06,-0.04382808419640512,7.365439093484419
AAL,-100.8709801392651,0.14960514351447937,6.88,0.01567729031648427,0.0,0.01773284546426328,7.64872521246459
EGLE,0.6270534113644646,0.12848480003105175,-69.07,,1.8699397452672185e-07,-0.03623328034422581,7.932011331444759
USX,0.7789689989580931,0.27635410728636306,21.3,,2.1481360706811154e-07,0.3136668905162911,8.21529745042493
MTW,0.8817345471057788,0.17938051274293768,-13.1,,3.772872848626062e-07,-0.00411694603570216,8.498583569405099
CVEO,0.4014023082208484,0.1315699541159952,-4.95,,5.109233156830446e-08,-0.16064005500963802,8.78186968838527
UAL,1.7100594920711831,0.1834230892069641,,,6.555425487709562e-08,-0.06268313927598426,9.06515580736544
ADT,1.2092887618610657,0.16082245225779487,-10.03,0.02217399095458111,1.3455883863712932e-08,0.052029849119274434,9.34844192634561
HTZ,2.176610528594328,0.2006412969116564,-16.94,,1.2155090080486914e-08,-0.07793372709367503,9.631728045325778
DSKE,0.4722102034759853,0.1924884568515594,-0.68,,9.351862258845347e-08,-0.16540264024916304,9.91501416430595
BLDR,5.284864043519923,0.09908166315203776,13.41,,1.4830904585122246e-07,0.13303152350138392,10.198300283286118
AAWW,0.3048690562181388,0.1806109088666902,1.88,,2.7980577888466673e-07,-0.086497666215441,10.48158640226629
NLSN,2.627226155515591,0.1105407334409704,-5.87,0.06910571549904117,5.103617660138086e-08,0.01355545660971218,10.764872521246458
CIR,1.672922577869278,0.0709266832906486,-5.53,,4.652247917792667e-06,0.019644483618612256,11.048158640226628
NX,1.807913730022285,0.1347336335534393,-12.68,0.018286465471822066,2.635564817701916e-07,0.09407546415486127,11.3314447592068
MRC,0.9315134341619815,0.12350209486577551,20.02,,9.295841398090855e-08,-0.08633705210441313,11.614730878186968
CFX,1.3106184834280599,0.08206084642677342,-11.1,,6.518963119161879e-07,-0.04695217198825516,11.89801699716714
ATRO,1.682074183523886,0.09054915267537088,9.42,,1.261704335450413e-06,0.08548919077063777,12.181303116147308
TBI,1.5065463798529757,0.13092084484845748,13.3,,1.15891918506381e-06,0.07014229159641953,12.464589235127479
SRCL,2.2762553171942193,0.0924225085112519,-13.2,,4.715021308206938e-07,0.057306196679752425,12.747875354107649
GBX,0.6699289188586405,0.17118144425839238,13.7,0.03982105422192458,-3.821061370356687e-07,-0.2982764603264021,13.031161473087819
TWI,0.6930376829767322,0.17671069179666773,-4.93,0.006397278712288662,7.669744664996409e-08,0.038674913593720446,13.314447592067987
JCI,1.632133401984549,0.064359888734055,69.95,0.02581674356011675,1.0752319800165954e-07,0.26055370736449485,13.59773371104816
BMCH,2.3751627797460033,0.103868765038194,18.06,,4.550374565270189e-07,0.06897146279107151,13.881019830028329
RECN,1.8622373277059867,0.11109689451700837,15.74,0.03549696163004611,7.804468630941078e-07,0.13298915062028568,14.164305949008499
AGX,1.6522338894991484,0.13166812217487486,-17.21,0.02424178854569141,6.003812039585134e-07,2.0143229557071747,14.44759206798867
BV,1.3729484876016376,0.09402544045398936,39.06,,2.582575500199839e-07,0.04147961557326259,14.730878186968837
UPWK,4.212122269565741,-0.0072364062253403895,-67.0,,3.043024883027674e-07,-0.016880249295391187,15.01416430594901
GNK,0.334247255829126,0.1760721487109105,-9.18,0.06177200809622067,5.302608784868969e-07,-0.015737957865862108,15.29745042492918
MATW,1.7025295842855495,0.10698452497416407,-32.73,0.02110530045865354,8.9722840716303e-07,0.03713646891041538,15.58073654390935
BLBD,-7.94856226389148,0.08202393295284742,22.28,,2.5937494442559283e-07,-0.2392361434016383,15.864022662889518
CASH,1.7005997437279083,0.0,14.81,0.005480147799820569,4.4180741990297076e-07,-0.04396037469708683,16.147308781869686
VSLR,3.709271888612192,-0.02041314167662896,-12.7,,-1.146161512291555e-07,-0.20706190338181685,16.43059490084986
FBM,2.272212032008514,0.10802612046043605,22.0,,3.4310514909789884e-07,0.0322062923063463,16.71388101983003
HSC,4.245924867706419,0.17614390290367446,-39.4,,2.6128159185739223e-07,0.0466996921101487,16.997167138810198
WNC,1.3956651071388004,0.16480391701510688,8.23,0.02814449305496298,7.869369746994944e-07,0.003756273435374259,17.280453257790366
AQUA,6.232368284244505,0.059323298276698834,-232.34,,2.728374084849689e-07,-0.04282443172003489,17.56373937677054
JBLU,1.253330543482629,0.22215968418465162,10.53,,0.0,-0.18443721106597785,17.847025495750707
KAR,2.0165214520544636,0.13576763647830975,12.67,0.059478337758516,1.7441020213617828e-07,-0.04962326675657232,18.13031161473088
MAN,2.186810559561023,0.15198576273521983,12.0,0.0224646689993363,4.303274098401604e-07,0.03955581297244419,18.413597733711047
ETN,2.485844810723168,0.08151630043318313,16.85,0.02996436661454948,8.804899367630178e-08,0.0092912451761711,18.69688385269122
ROAD,1.6378807627439191,0.10045125656494437,20.86,,4.518536205287421e-07,0.05526232578879803,18.980169971671387
ABM,1.7236270056841738,0.09472458576339858,21.09,0.01892545172508851,2.6655807348101447e-07,0.020923734443067492,19.263456090651555
PSN,-4.474102170199529,0.05450365897968242,37.04,,2.299717293946938e-07,-0.11264009770421102,19.54674220963173
TDY,5.1242463458161,0.0,,,0.0,-0.17739831979481682,19.8300283286119
ADSW,3.369411927767362,0.08089309713752463,-3314.65,,3.9438831005372633e-07,-0.023014516043079754,20.113314447592067
TRN,1.18217137640907,0.08373013056994937,19.84,0.03101336157468341,1.2777475904490759e-07,-0.15518745688913385,20.396600566572236
R,0.92922528900384,0.21087218488955947,20.14,0.04528916434159744,9.119687932510497e-08,-0.12300589610299129,20.679886685552407
TNET,10.756864,0.09581128605855442,20.35,,-1.2210851052621486e-06,0.11623473831833131,20.96317280453258
MIC,1.341238278931499,0.07937922907919401,27.24,0.0909143266969615,3.856152198263568e-07,0.08144775359473212,21.246458923512748
TITN,0.8826286592662452,0.09303143692762451,26.1,,8.035762366387541e-07,-0.07084254673659406,21.529745042492916
DY,1.810593208523432,0.1375221452611124,25.35,,-1.8835684836595017e-06,-0.10932316661959282,21.813031161473088
TRTN,1.2489555736746891,0.1276302854053002,8.91,0.05580198859766833,1.3674104427435947e-07,-0.08615553789087202,22.096317280453256
RUSHB,0.3466150626710251,0.12062257290642098,10.5,0.011280927045536201,1.7659477625736861e-07,-0.10486100539497907,22.379603399433428
MSM,2.238495902780606,0.11269886415674175,14.56,0.03929602364045753,7.801687780733703e-07,0.1352439905058199,22.6628895184136
RLGT,1.947650411503647,0.13367876618803123,17.51,,3.861148038058821e-05,0.23763560054105232,22.946175637393768
XPO,2.411185140323914,0.11504634999491546,24.72,,3.237093855728408e-07,0.014750151940893628,23.229461756373937
SCS,2.0520398889591793,0.10654849519707271,14.79,0.03,1.0682189589794699e-07,-0.20103569656571976,23.512747875354105
AMRC,1.5688314906886136,0.08323607428524833,27.87,,-1.7434967570960316e-06,-0.1791097049634019,23.79603399433428
DAL,2.445793711,0.17864749545301115,7.98,0.027242288671979555,0.0,-0.08265386910952036,24.07932011331445
NPK,1.7409620742053868,0.13495057314051986,19.02,0.06931143849737334,-2.2762410235394435e-05,-0.02979554582507533,24.362606232294617
HCSG,4.452025169464954,0.05618419026771855,25.75,0.03146348251849949,4.330543048954854e-07,0.08144627455681967,24.645892351274785
RUSHA,1.1661752962072287,0.12080105157999187,10.08,0.011484233881071221,1.680536960968426e-07,-0.1018529160397721,24.929178470254957
HNI,2.9558918560827627,0.12394855508439008,17.41,0.03354649283812751,3.6821947262831526e-07,0.03860798767736411,25.21246458923513
CVTI,0.6555259433584888,0.37332665534098725,31.19,,0.0,-0.13553950898068756,25.495750708215297
ST,2.999696520844571,0.08572573131996937,17.0,,2.740814472368791e-07,0.023271792278692523,25.77903682719547
REZI,0.8821547266660268,0.23880221092678167,22.33,,-3.3279548996034754e-07,-0.44573161719527193,26.062322946175637
ASTE,1.6419965004991663,-0.04797118605956449,-151.79,0.010917647795436004,9.857261174552998e-07,-0.25403143915180226,26.345609065155806
CBZ,2.513880149516762,0.07213261183698212,21.35,,9.161759231467555e-07,0.07398302525839724,26.628895184135974
MTOR,4.689563036519551,0.17624800537349314,6.72,,3.492561481646597e-07,-0.011550363329009033,26.912181303116146
GVA,0.9473780479868222,0.17628105548951645,-12.38,0.01936195686856382,3.9572950994412556e-07,-0.1609577072009761,27.19546742209632
IESC,2.3683239791015485,0.0924027647684677,17.67,,1.461885064283238e-06,-0.012595890935718041,27.47875354107649
GFF,2.1615860090423014,0.09272003359338123,24.56,0.0135165435639741,2.2055884538567284e-07,0.030136075097544287,27.762039660056658
MATX,2.22766159564499,0.0868813231443108,19.5,0.022333648836716482,3.1113289750528457e-07,-0.05943256602472733,28.04532577903683
ALK,2.224906422949907,0.12944191945983602,13.8,0.021966642280151508,1.9061318927880099e-07,-0.03365448170334328,28.328611898016998
CAI,0.7054850118121249,0.10706543618025578,15.8,,3.8809219321827657e-07,-0.22737587739415369,28.611898016997166
MAS,-126.87030133463338,0.08564421526750145,19.04,0.010807983238939008,1.2581599775665316e-07,-0.018468735181001963,28.89518413597734
AL,1.07132420804707,0.3198836298547494,8.87,0.011892427133273844,1.428220004409266e-07,-0.1525534702734322,29.178470254957507
GMS,1.9115327960470176,0.12093621404673176,15.41,,3.446336116012248e-07,-0.41480887089798535,29.461756373937675
AYR,1.220612886256886,0.10996668468199387,12.0,0.03787225422459422,2.2081078911080777e-07,-0.08245980415177692,29.745042492917843
PLOW,4.453830661848383,0.0627277181736438,25.13,0.01969942193941835,-2.5374783437962005e-06,0.0797556467092175,30.02832861189802
FORR,5.184176446381759,0.05255220751054188,-86.1,,2.0016234042568075e-06,0.017183250035428903,30.31161473087819
HA,1.3498969736022433,0.312277327921405,6.64,0.017926781025398443,1.8974696526346064e-07,-0.17691462175337327,30.59490084985836
EPAC,4.759783922664712,0.05765964753389377,-6.36,0.001740055816421174,-1.049235278287871e-06,0.11475576642281182,30.878186968838527
KELYA,0.6116271390809681,0.14918254571950326,11.04,0.015477516209524415,2.7234422756489853e-05,0.02935496952941152,31.1614730878187
EFX,6.165323107920539,0.039530567662229045,-49.42,0.010364278477656143,-8.947514626811611e-07,0.012728093095195063,31.444759206798867
CAR,5.847129668044335,0.18296759094340292,14.96,,2.642090583535105e-08,-0.10494834942278773,31.728045325779036
PKOH,1.380349796308173,0.1406828457205082,8.48,0.015975177721596536,1.044625009141659e-06,-0.04471763045401716,32.01133144475921
ECHO,1.524403959940164,0.12038910596385595,28.04,,1.237204530172424e-06,-0.017827686479493572,32.29461756373937
TXT,2.039689700694871,0.1175950140497524,12.39,0.0018043968606834822,1.5937856972650134e-07,0.07063175785419314,32.577903682719544
CMI,3.532796487881482,0.11472827867358151,10.48,0.029606698616147165,1.4422546762830978e-07,-0.07969630862098963,32.86118980169972
KMT,2.116261839909915,0.14296002889804701,14.78,0.024829065464524413,1.2038619472533297e-06,0.3013362019096979,33.14447592067989
FLOW,2.0050968500080044,0.10032587231508837,83.82,,8.564456589016616e-07,0.1333173561239097,33.42776203966006
CHRW,6.851402331324691,0.08560137312595172,16.93,0.02636173720521439,4.823538574217958e-07,0.020377734462615923,33.711048158640224
JELD,3.520418307332212,0.07936108641111528,28.1,,2.213290165606486e-07,-0.10639924817626964,33.994334277620396
EAF,-3.126969523017415,0.223646371676031,4.19,0.030749879100223358,4.76898407937348e-08,-0.7794038487897477,34.27762039660057
HDS,5.161158806809713,0.10122417651460265,14.98,,1.9229562790162265e-07,-0.06469139850327364,34.56090651558073
RXN,3.2709580406989587,0.08634700726022464,22.12,,4.7367903710572214e-07,0.07565116875649615,34.844192634560905
HY,1.3719026922073718,0.08778706399397523,30.45,0.02302028442217828,1.0619721426800058e-06,-0.051356222836985,35.12747875354108
PCAR,3.027325459746069,0.11328168545928159,11.07,0.01722911911002505,1.0463744343868374e-07,-0.04857210723853205,35.41076487252124
RUN,2.049416252071445,0.01166020557968221,269.09,,-3.3038045177421127e-07,-0.22156643337260687,35.69405099150141
PLUG,34.40537556912375,-0.04146274713808817,-9.55,,-1.1862353562839918e-06,-0.45019315124386955,35.977337110481585
DXPE,2.0974056862365167,0.11359190645697008,14.16,,3.2933817728961986e-06,-0.06104492677172707,36.26062322946176
HRI,2.226175190172362,0.18135420371710725,27.23,,2.546950009534932e-07,-0.023609425055724345,36.54390934844193
ARCB,0.928452716640272,0.37884777149700877,11.1,0.01262208281200252,4.2910533518616405e-07,-0.0932588564105806,36.827195467422094
WSC,3.210110910812413,0.05227719534784452,-62.0,,4.639074390759746e-07,-0.5461880622503651,37.110481586402265
TRS,2.172961708573384,0.10362828505651853,17.93,,8.702180673851817e-07,-0.0029044806171971763,37.39376770538244
DE,4.631793053471826,0.08019167489625487,16.1,0.019353495524524797,5.309190555053462e-08,-0.0660363819626602,37.6770538243626
LUV,3.09938329881848,0.14503480901296556,13.78,0.0125118799727725,6.822384641284329e-08,0.06419587050132283,37.960339943342774
VSEC,1.1231788590325733,0.143499777605433,10.37,0.010369764081791548,2.5402471811161936e-06,0.08890693927825168,38.243626062322946
WLDN,2.8079816374949114,0.045952310806998124,134.8,,-9.023673519992562e-06,-0.5724524039971524,38.52691218130311
AMWD,3.196385391130241,0.09047825270362428,21.27,,4.822536949419894e-06,0.13577271559973822,38.81019830028329
FCN,3.456757453404895,0.06130471688303078,21.11,,9.218041266133121e-07,0.0202245164377398,39.09348441926346
WMS,4.490154081057501,0.06338694476947758,-11.65,0.008189691222244382,3.968467416587298e-07,0.12240775629392914,39.376770538243626
CVA,4.2076301297306395,0.07652985199392265,286.64,0.06825315180573875,6.154964821117998e-07,0.2282815139106016,39.6600566572238
GATX,1.509694237638006,0.23864802790836456,13.9,0.02452747729526774,0.0,-0.10843727388622983,39.94334277620396
ATKR,8.493935047866888,0.11096222441348715,14.45,,4.420847823693098e-07,0.008193738901671448,40.226628895184135
GDI,4.29535351983608,0.07808938409882303,30.48,,3.039902567696852e-07,0.10993048656129771,40.50991501416431
OSK,2.3072738360572806,0.13900211416007494,10.7,0.012631474137430461,1.943314274758647e-07,-0.0721947272286441,40.79320113314447
CNR,3.356573260559023,0.13102083621743066,32.82,,8.642321163221233e-08,-0.07432939971161788,41.07648725212464
HURN,2.90782838075505,0.052180903996887136,49.32,,1.164963325906377e-06,0.03554933007279601,41.359773371104815
CAT,5.584775160239791,0.1077995428720596,13.17,0.02783753379895849,1.7213600649146074e-07,-0.03544128821159163,41.64305949008499
MYRG,1.69030021569435,0.14318718457371613,14.82,,1.2746086604484643e-06,-0.22217015475907895,41.92634560906516
AIT,2.821749830479524,0.09495074315747815,19.09,0.020040782729057884,1.1761513840796536e-06,0.017321775923441852,42.20963172804532
ULH,2.357537963761922,0.15642072006159138,13.8,0.02979008364390148,3.896122490205528e-07,-0.30251376034280975,42.492917847025495
KNX,1.1441185814878825,0.13970256378405113,16.64,0.006683591807722022,1.0429999451666633e-07,0.002998091312665738,42.77620396600567
RBC,1.457286323231653,0.11276636573763257,13.62,0.01466015529352584,5.923357231795282e-07,-0.08546796039187383,43.05949008498583
PNR,4.19822456299807,0.06730395072654272,22.1,0.016250077388815048,2.6621007894578615e-07,0.8407612491158961,43.342776203966004
MLHR,3.338682764221732,0.11445937221146388,11.32,0.02087831219192504,4.784194352176546e-07,-0.04865612899551194,43.626062322946176
JBHT,5.587566281952121,0.09001742029185894,,0.009062173901304099,0.0,-0.06310094862836454,43.90934844192634
FTV,3.8561361194637485,0.050527167110572174,10.0,0.00378672916272172,1.9929964784506077e-07,0.10037416974713025,44.19263456090651
THR,2.4384300286899654,0.07684117074383025,32.8,,9.28286668324885e-07,0.04231926063579641,44.47592067988669
MTZ,3.2925741787949905,0.11314486397568492,14.21,,6.767606918766767e-07,-0.17444603613903664,44.759206798866856
LMT,87.49288946550386,0.06251577186875107,21.2,0.02057260444814147,1.6884675736350866e-07,0.10176075285373407,45.04249291784703
AOS,3.5959937074470796,0.11125838871789621,18.67,0.020567308499267085,3.2912199856735296e-07,0.13627532306950071,45.3257790368272
DLX,2.292041725075468,0.15765821152641238,-11.48,0.025750257601852258,4.783283016004372e-07,-0.15404171317738766,45.609065155807365
IAA,11.787568522139,0.05642379160840061,,,5.546563315888322e-07,-0.09104317341940764,45.892351274787536
SP,2.63153890850934,0.07863993302797702,18.63,,1.2324655367422626e-06,-0.3711533515662186,46.1756373937677
MLI,3.142353329931346,0.09658615725727401,17.4,0.013321192451771576,4.454389453305818e-07,-0.010808310811975034,46.45892351274787
URI,3.310685195742498,0.15871068365513769,10.15,,1.4773351241302324e-07,-0.1960365669598743,46.742209631728045
KFY,1.956162531612712,0.15046291266783018,13.41,0.009538778348283324,0.0,-0.049705104104860016,47.02549575070821
OC,1.6409609454512082,0.12236925900802359,14.03,0.014261974518786448,2.050938141325549e-07,-0.18200512095394492,47.30878186968839
AGCO,1.831280984130677,0.122794908047057,17.04,0.009356417398539249,5.133191882959392e-07,0.006768069268231422,47.59206798866856
HON,7.027143008640315,0.06889862605813155,20.99,0.0191340210777767,1.1814410741807951e-07,0.07157211253916342,47.875354107648725
ATSG,2.988306215133673,0.10953033491126621,13.17,,2.1976416804457925e-07,-0.4466611204778122,48.1586402266289
ROCK,3.061461785964216,0.07300579184633861,28.45,,8.153099369835899e-07,-0.005901360877698374,48.44192634560906
IIIN,1.8480816816923538,0.04381163802520375,232.2,0.00520106913505412,8.033126118284763e-07,0.8518529186034761,48.725212464589234
KFRC,5.27555220357831,0.09632238611170112,18.05,0.01916272130983374,1.5574668604231022e-06,0.15872327549609186,49.008498583569406
DCO,1.9697657055370947,0.09130706156227524,20.18,,3.418071314992542e-06,-0.11540260310111064,49.29178470254957
SPXC,5.47913305734541,0.056295580486497056,28.85,,1.1656658053567394e-06,0.044221333036638916,49.57507082152974
WBC,6.054933076781055,0.09173872530867168,21.74,,8.050941267818059e-07,0.2347455063216994,49.858356940509914
FLS,3.764286490811469,0.06018668557022365,25.33,0.01640885884395407,4.970423927214908e-07,0.05532749611879217,50.14164305949008
NVT,1.639437628413881,0.08939901642540737,18.03,0.028990790676385093,2.5605143343143197e-07,-0.5155390520478152,50.42492917847026
UPS,27.179269281049223,0.07951637423290331,20.9,0.03354427370544477,7.568133363903268e-08,-0.07569455396350158,50.70821529745042
MINI,2.219139885446453,0.07895253586102641,26.69,0.027328565926883427,7.71391859082518e-07,0.03540504778479799,50.991501416430594
CSX,5.092058455849132,0.08311971937667625,,0.013034401681643439,6.796455106995371e-08,-0.05792378961092257,51.27478753541076
INFO,3.8303733101124897,0.04256488644877266,63.43,,3.5397981634299495e-07,0.027342853706659308,51.55807365439094
HSII,2.187149431907412,0.27459931440435603,12.04,0.02027545731251957,3.517754925631473e-07,-0.14994365050005337,51.84135977337111
SNA,2.9889077880572055,0.10604118841630956,13.02,0.02401623723212992,1.2553012400848637e-06,0.048654995711993894,52.124645892351275
AIMC,1.2200499309885018,0.03988415008537338,26.6,0.02031253090204267,3.9402483482571624e-07,-0.7867116539987784,52.40793201133145
EME,2.85823703165128,0.10530639408439602,15.48,0.003918531964385581,3.7957680693767577e-07,0.012494348394539976,52.69121813031161
MG,1.3408882509048334,0.09540815625640155,89.58,,6.282543499817716e-07,-0.34560115117748486,52.97450424929179
SAVE,1.4808711077369883,0.1598603793071339,8.49,,2.753782482927739e-06,-0.30326908329015373,53.25779036827195
HEES,4.01401668866953,0.18902568136598544,11.67,0.04015636291029961,3.768110680278704e-07,-0.12636886511060233,53.54107648725213
CMCO,2.074564487464773,0.11548835427095586,16.14,0.006123979421489689,9.23787037905369e-07,0.15448787524045263,53.82436260623229
SNDR,1.040610034846162,0.17002482224068918,23.1,0.01115728292457384,1.341298158975518e-07,-0.08082966951941714,54.107648725212464
EMR,5.579337981140167,0.0804781465573666,20.28,0.02706143622057209,6.126982121513037e-08,-0.06953848819737694,54.39093484419264
ITW,17.209591377731904,0.06537369290610612,23.79,0.02418819215530311,1.9162398538955598e-07,0.05801812474351284,54.6742209631728
NVEE,2.4968118452169534,0.06673382850681633,26.72,,1.483914415564911e-05,0.00876630955378261,54.95750708215298
TILE,2.7704247486654285,0.09456168987403676,14.43,0.01606859833805913,2.3662794737623214e-07,-0.5085277003089332,55.240793201133144
KTOS,4.026042201139912,0.02386746467573875,140.03,,1.3225161177750883e-06,0.12289356335602099,55.524079320113316
MRCY,3.2702031843569923,0.03251598387709541,67.24,,3.080695163537348e-06,0.8533388202844852,55.80736543909348
KEX,1.573568835374916,0.07970181263149864,43.9,,4.2306558466451335e-07,-0.2574834410291783,56.09065155807366
EBF,1.9961257901509253,0.1307867726992325,14.82,0.0427318942068471,1.2345006729881843e-06,-0.08932756441227631,56.37393767705382
GFN,1.9322231997071802,0.1435580097463935,114.09,,8.192462032740454e-07,0.003055903472489429,56.657223796033996
GD,4.604293416668269,0.07795913662742178,15.9,0.022872967581258355,1.6914429871230978e-07,-0.30765280931435646,56.94050991501416
ASGN,3.1033682858369875,0.08061609637192785,20.97,,6.899798789917913e-07,-0.45621228525964896,57.22379603399433
NSP,47.012987940081196,0.06189691356552792,24.79,0.012457874193976187,-3.4759526552529708e-06,-0.0954511921880475,57.50708215297451
IR,4.523040266053696,0.06873801228865935,23.57,0.016514764785089408,1.9725913586626056e-07,-0.00440910977246729,57.79036827195468
DOV,6.084642965436696,0.06415696795600707,26.92,0.01747302149049426,3.3288730258517506e-07,0.13231852793258794,58.07365439093485
KNL,3.3032835520302593,0.08812237880744361,15.7,0.02567419016616558,6.074648113472856e-07,-0.4176988477732806,58.35694050991501
TKR,2.601128147868248,0.10778902529947643,13.57,0.021092744831478494,3.669401709770282e-07,-0.3176902119775306,58.640226628895185
UTX,3.4534623039397188,0.05426876459925241,25.35,0.01977192291278533,6.081033706170163e-08,-0.2859570713126382,58.92351274787535
MMM,10.39756316249238,0.08412082368869118,21.47,0.03286695010304835,8.654054178353177e-08,-0.01566393820679646,59.20679886685553
NPO,1.5762630090981242,0.13020876644410911,101.2,0.01635349536523595,8.357206113644657e-07,0.11021591657774134,59.490084985835686
AVAV,3.557797290888286,0.03490406528946422,43.2,,1.4321836704863083e-05,0.3447868457877696,59.773371104815865
APOG,1.7756333314905655,0.1131136344202218,23.9,0.021247335434625713,9.302028203339802e-07,-0.11516495769581722,60.05665722379604
PKE,2.1493738357158434,0.0520239594037304,37.66,0.0262509524014562,4.986235374039146e-06,0.1334740890203365,60.3399433427762
SKYW,1.5892208404024848,0.1417417821038899,9.62,0.007612441671832491,2.830469309026771e-07,-0.16491130419589883,60.62322946175638
LII,-64.18252251157996,0.05528634164562195,25.55,0.012019763606886032,1.0021968449484688e-06,-0.07286496768393037,60.90651558073654
CSL,3.496600407528385,0.07345196480001003,20.16,0.011253221176086702,5.44148080485045e-07,0.05882031806367654,61.18980169971672
GTLS,2.6594851565161344,0.05299855495392103,45.96,,1.1127632338472971e-06,-0.06496959840009087,61.47308781869688
AZZ,1.931487782510438,0.09112708327829971,16.94,0.01614224508144744,1.2835967033177766e-06,-0.06721509025700052,61.756373937677054
CWST,-154.16223505153215,0.04695638445045196,332.14,,1.5166566229397185e-06,-0.14582983009186976,62.03966005665722
AJRD,9.93742752497896,0.07280455707976273,30.72,,8.357132388801024e-07,0.06737023624577577,62.3229461756374
ROLL,4.217997173132003,0.04289359435659697,37.31,,6.7431520436214095e-06,0.5936581381695595,62.606232294617556
UFPI,2.838464150125705,0.08313820137110162,17.97,0.007737296532036551,3.753575335864248e-07,-0.15581052966242617,62.889518413597735
POWL,1.7627589222580304,0.05685231910779574,52.76,0.02437906472490763,1.2372211949944326e-06,-0.22205038482575037,63.172804532577906
HI,3.028515217373641,0.12028383996703743,15.95,0.02926843489439429,4.287689240162215e-07,-0.23090510712797854,63.45609065155807
RTN,5.799557133583877,0.07731665347619937,20.22,0.0161857973282919,1.7858626443154276e-07,-0.010055962358226346,63.73937677053825
LYFT,6.155468870473849,-0.07700025225770449,-5.78,,1.0275777839302689e-06,-0.5222632475166376,64.02266288951841
PRIM,1.890706925747371,0.16806698927881722,13.18,0.01105149981846724,3.856851306844532e-07,-0.30882239067083034,64.30594900849859
NSC,3.4734798047034134,0.07467440192670517,19.65,0.01787231116703758,1.9952635085527234e-07,-0.06865287384216295,64.58923512747874
NOC,8.026527775220806,0.06042637321795917,19.79,0.013354089228275847,3.290735255322397e-07,0.004372716164239805,64.87252124645893
LECO,6.554570410115716,0.07803114163461396,18.86,0.020689351901469664,7.139188423491994e-07,0.003764463976475515,65.15580736543909
LDL,1.0702743771689645,0.12655973226199638,54.18,,8.023167383275371e-07,-0.5781718583163667,65.43909348441926
RHI,7.021630673506483,0.09213791942784837,15.8,0.019781588764894376,3.195473137748383e-07,-0.1043594550073401,65.72237960339945
CLH,4.165730516068416,0.08355818612402083,53.92,,5.876344475313161e-07,-0.029441010475364456,66.0056657223796
GWW,9.394489221011153,0.08293251466527454,18.9,0.018175768100704873,9.650220271564815e-07,0.07216694765431693,66.28895184135978
GE,3.259497634684365,0.1111007940286456,381.87,0.003553865312515351,5.618157671569458e-09,0.14054479509235632,66.57223796033995
TEX,2.178391335552992,0.12795602854334692,207.25,0.017499782836106058,2.0121348981227356e-07,-0.14837219784776495,66.85552407932012
FSS,3.919847975657782,0.07013917789234378,18.4,0.009663717244360128,1.065948610165136e-06,0.061984923557830605,67.13881019830028
ERII,5.174158132529651,0.028126477318149868,41.3,,2.062567867217479e-05,0.18828634985400158,67.42209631728045
FDX,2.195967450037215,0.14846162763096413,514.24,0.017527576982529002,9.642372108874032e-08,-0.1182695970964309,67.70538243626062
ARNC,3.0086554288008087,0.1268963621817559,29.9,0.0039148336509448,6.007908530508635e-08,0.027795908684838236,67.98866855524079
SAIA,3.408598207050887,0.09654262081833814,20.09,,9.301863059404995e-07,-0.15271674804635682,68.27195467422096
UNP,6.872911172990667,0.07121676639161749,21.52,0.021021011264196598,7.793294122824273e-08,-0.06959797467118681,68.55524079320114
KAMN,2.939357474367553,0.07055385196140912,26.0,0.012870161071929032,1.3807990944795169e-05,0.012521389972662052,68.83852691218131
FAST,7.667643362941901,0.05630265166341726,25.93,0.025130609650628907,1.3952484416729268e-07,-0.11592173799656573,69.12181303116147
MWA,3.326576689939035,0.09040673860204688,30.86,0.01753565859291312,1.6419299204335143e-07,-0.06509440862793625,69.40509915014165
WBT,12.06757305977101,0.08493696801710456,36.01,,2.4625579920388977e-07,-0.09614642962021668,69.68838526912181
MOG.A,2.1979538278376087,0.09419529448780226,16.89,0.011469764561878837,2.072749304939207e-06,-0.03824434466473455,69.97167138810198
MIDD,3.810850146095902,0.06937334099927185,18.68,,8.650857252337803e-07,-0.33071808335976666,70.25495750708215
TDG,-12.576847510876553,0.04451937552314355,48.0,0.09679079873593369,2.624673317639779e-06,-0.28285340233030143,70.53824362606233
ITT,3.4497105045664678,0.0806938355292415,19.95,0.008321232969936296,5.777283542398917e-07,0.054440941763976146,70.82152974504248
RSG,3.930548509419459,0.07607714003495641,28.18,0.0168068328014499,1.4476971284169763e-07,-0.06462341101114828,71.10481586402267
PWR,1.6275672574159117,0.12448156473158853,17.11,0.004083392729565273,4.3785372882934345e-07,-0.20988553791381212,71.38810198300283
CPRT,13.365449839760553,0.03397999126626239,33.07,,4.7508033414162373e-07,-0.03607023378061225,71.671388101983
PGTI,2.440281415462485,0.09642532529836828,19.24,,1.7028116826503924e-06,-0.42128392606540127,71.95467422096317
WSO,4.47405925258314,0.055238080212497515,27.72,0.03632185586078095,1.3914672383576206e-06,-0.13551526342829393,72.23796033994334
VMI,3.084813644699648,0.09099181193961488,24.93,0.010439170424281762,1.1453159003846859e-06,0.03214998031002243,72.52124645892351
KBAL,3.49231274309477,0.10104836101795665,19.26,0.01657741088,1.8454864915165374e-06,-0.03781339252264867,72.80453257790369
FELE,3.854538052272399,0.06231676505679216,28.72,0.009433229694991184,6.764484174091033e-07,0.04613264522538812,73.08781869688386
WTS,3.158338734607059,0.06735652345104501,27.44,0.008969619469448483,1.311044286115438e-06,0.18933352890911298,73.37110481586402
CR,3.362831844658736,0.10737789072520315,15.4,0.018437628330216175,6.922621869611368e-07,-0.1464996682972268,73.65439093484419
ALSN,8.412499644743033,0.14414687014510716,8.9,0.013918010736730064,2.1696731883064972e-07,-0.028238343053959326,73.93767705382436
WIRE,1.682523547360842,0.11052428916318266,16.4,0.001433275906793162,1.4242439396160633e-06,-0.024265778491499555,74.22096317280453
BRC,3.3637385209609,0.06556851624978673,22.02,0.0157611374579244,1.4070912059023694e-06,0.008153282817724263,74.5042492917847
BBSI,5.39428494987115,0.08458340980317537,12.1,0.012869220161283808,3.592948201017575e-06,-0.0954380262550656,74.78753541076487
WERN,2.087121847397358,0.16360465321126305,15.9,0.009884452835910777,3.301403229955521e-07,-0.2256990148792925,75.07082152974505
BA,530.5447658035381,0.07691206076879328,49.51,0.02551427972339127,-1.3033374096702495e-07,-0.18691455017123185,75.3541076487252
PH,4.322157148424267,0.08672717585998645,17.32,0.01763039608599609,4.3996161079154207e-07,-0.20608942568094143,75.63739376770539
GNRC,8.693656154824282,0.05389832381133399,25.85,,9.399413719341528e-07,-0.09572261604455774,75.92067988668555
KAI,3.354290404453657,0.08430288242231526,19.79,0.008401515571701578,4.125134951165251e-06,0.19698311816129319,76.20396600566572
DOOR,3.2396168770838143,0.09995844046121294,36.66,,1.541199759843985e-06,-0.18331351285887723,76.48725212464589
WM,8.35606446243829,0.07330590551868744,30.4,0.017048922622499255,1.2808287659495252e-07,-0.04120144977114603,76.77053824362606
CBPX,4.001164690378501,0.10322019854494616,21.6,,1.4899082610071893e-06,-0.03729344502655929,77.05382436260622
SWK,3.186376183034358,0.08089714412318122,35.08,0.01655831645205668,8.271445785104365e-07,-0.04291808439444396,77.33711048158641
HCCI,2.783203574229009,0.06108738801303687,52.6,,2.6005330873263578e-06,-0.2976678747994994,77.62039660056658
HII,7.695423378515033,0.09276137075837824,19.17,0.012893145435637072,7.509938597098381e-07,-0.011907776181971752,77.90368271954674
AYI,2.513299704621437,0.1186323438056639,16.27,0.004356965630191671,9.359622633493638e-07,-0.0033124188538097587,78.18696883852692
AIR,1.765932914438991,0.08588928974451394,447.92,0.006842546039227523,3.5212263334196815e-06,0.027029753828755488,78.47025495750708
ALGT,3.9761280529612644,0.09862594464420286,13.0,0.01731114677171123,3.7997202329100517e-06,-0.06236365159564276,78.75354107648725
FBHS,4.340077065220287,0.07323672015150767,23.35,0.012945813942858556,2.7939244218980566e-07,-0.20847007333285036,79.03682719546742
XYL,5.29631426003584,0.057820186839144555,29.33,0.011610767500794124,3.2044091911281174e-07,-0.03467336537971139,79.3201133144476
CRAI,2.311765289412145,0.09955674941858972,20.25,0.01454064162310153,1.762234257616072e-06,-0.13067925025594113,79.60339943342775
ACA,1.28359347392652,0.08326965237764856,18.27,0.004549819902653043,5.598276640360245e-07,-0.6018707109600332,79.88668555240793
MRTN,1.8744954359798545,0.1543134066909172,19.0,0.00606353312409832,6.132347581106426e-07,-0.04513236708945462,80.16997167138811
WWD,4.292093932561315,0.05248427180340857,29.53,0.005689721058980339,3.054841681860265e-07,-0.004216401127497809,80.45325779036827
SXI,2.148360011457835,0.11245229746612642,22.37,0.010853633010773859,9.540750036255797e-06,0.023077005985101214,80.73654390934844
EXPD,6.451072959111674,0.07296922421286799,20.54,0.01316596120833027,4.4547231755063697e-07,-0.1373921416069313,81.01983002832861
LSTR,6.522061989953152,0.08297049431992808,18.82,0.006262498621978034,1.4347473925325815e-06,0.012181084889633646,81.30311614730878
EVI,3.8978305123873698,0.030606548990133643,89.76,,1.3068109943577128e-05,-0.47783624893969884,81.58640226628894
CMPR,23.122196239539083,0.09105467392829332,26.07,,1.7073463565386524e-06,-0.0984786653781001,81.86968838526913
ENS,2.440343718657483,0.09277144871644998,17.39,0.01002912837794029,9.81251513731062e-07,-0.2996044021371413,82.15297450424929
TNC,4.74524571590971,0.06704150212465483,35.84,0.011382193023556286,2.3462606253203844e-06,0.03782512902797914,82.43626062322946
HTLD,2.376729493791989,0.10672107080759664,22.32,0.004324574698761831,0.0,-0.1081537267895654,82.71954674220963
FIX,3.6977223967448016,0.10392809713401756,17.32,0.00820943726055561,6.892237925537657e-07,-0.19119564879817863,83.0028328611898
HUBB,4.516186898004796,0.08125447102841814,21.14,0.023358343043320257,8.59676679076167e-07,-0.31729260859775166,83.28611898016997
ICFI,2.5712709896431236,0.06203469857747954,25.0,0.006442970354384319,1.6334156963831298e-06,-0.1013769890477193,83.56940509915015
GRC,3.519317589947508,0.06834622165418987,27.44,0.01483498667041648,1.1540385549332518e-06,-0.05456914633475992,83.85269121813032
ROL,17.07488877793799,0.031265007955465676,59.3,0.014117732092435376,3.9767826154206465e-07,0.011879821257152895,84.13597733711048
SITE,13.70491615583642,0.03433555869399024,55.75,,1.331368176652742e-06,-0.20894092174270773,84.41926345609065
VVI,3.1946308998541966,0.08278457583702588,57.88,0.006243114806302928,1.0880561866826214e-06,0.008906136600682612,84.70254957507082
SPR,6.002763350792142,0.12907874584787749,11.6,0.007238460476659171,2.840233906644467e-07,-0.22496164579184474,84.98583569405099
MGRC,3.399669823567438,0.09198222875128126,20.15,0.0190889781340937,1.7380411249784544e-06,-0.041098544129055635,85.26912181303116
IEX,6.492929782123146,0.049001749161569914,30.2,0.011853447838167077,1.1015454814210398e-06,0.032901197092743396,85.55240793201133
SYX,6.935244742834956,0.10610864457399943,19.17,0.019960173029998796,1.6351341309938498e-06,-0.1455628754794153,85.8356940509915
RAVN,3.936369101591977,0.06110501747013191,35.77,0.015839309494424816,1.632580146072568e-06,-0.020177880872316478,86.11898016997166
MSA,8.565222228097912,0.0407968844783571,41.58,0.01200514234878174,2.587347224013235e-06,0.11744288982740286,86.40226628895185
AIN,3.8243120929680368,0.09079318633018738,19.73,0.01040728951195863,1.6111227900629928e-06,-0.007048981256515524,86.68555240793201
WCN,4.154420621518767,0.049331738469188084,47.2,0.00679347341412305,2.2027360115740957e-07,-0.08552542734085233,86.96883852691218
DCI,7.668125728963266,0.06631920154091163,26.57,0.015915357097546,6.124470474605784e-07,-0.12016478173697173,87.25212464589235
GGG,11.560070342484648,0.05443862878500388,26.4,0.012526917326453006,3.659748310489203e-07,-0.11171055952035744,87.53541076487252
PATK,3.1081194159838517,0.12282340698567913,12.73,0.0049502521465705,1.857677121307546e-06,-0.4034446674267319,87.81869688385268
ROK,58.20107747236184,0.0630828070421893,33.37,0.020741417320736005,4.092234840972649e-07,-0.17866038771351955,88.10198300283287
NDSN,6.453504184870929,0.053098661885651266,29.49,0.00856873882444233,1.214123440568283e-06,0.02482568181750528,88.38526912181302
CW,4.198004717019694,0.07057411091595822,21.59,0.0044353937536705,1.2306766630443154e-06,-0.011356146276112575,88.6685552407932
SSD,4.432916872755792,0.05679664324101642,32.23,0.010875226526521644,9.070422064416487e-07,-0.0697383930231295,88.95184135977338
PRLB,5.228202876045621,0.04307141289152876,42.01,,3.6817361105076694e-06,-0.25998679409705877,89.23512747875354
AME,5.36744916358382,0.05090719215821931,27.3,0.005790806199217902,2.980200908025363e-07,-0.12640387650426055,89.51841359773371
UHAL,1.9907401667768088,0.10684789083383563,20.37,0.004078937374792494,1.0799854513049724e-06,-0.10934510229200489,89.80169971671388
UNF,2.0094729481670535,0.08936314728163816,20.22,0.002829872495229771,4.002065381096394e-06,-0.0626249797453092,90.08498583569406
TTEK,5.138979561513496,0.04722034717563677,32.11,0.006291544985905595,9.290052835718279e-07,-0.11725541093238377,90.36827195467421
HXL,4.84571216078225,0.07031677395673874,20.99,0.008541699608938231,6.252711399489861e-07,-0.16389220578862662,90.6515580736544
B,2.826719194627724,0.08276480035018599,21.48,0.01042723877305079,1.2217091934284812e-06,-0.2904970851017389,90.93484419263456
BWXT,26.68043099703019,0.04762995072814984,31.68,0.01025839218100785,1.4694287939873554e-06,0.025182033379890147,91.21813031161473
VRSK,13.137671097631486,0.038308487955661275,59.02,0.004639780878275703,7.351880353467517e-07,0.08842740013677412,91.5014164305949
ECOL,3.365937440058625,0.07989653840238656,24.99,0.013770615974603622,2.1588510845781807e-06,-0.18853307852680287,91.78470254957507
ALLE,18.309312347852646,0.04850500907106896,26.54,0.008298142515698364,7.535323816483415e-07,-0.04599273674395061,92.06798866855524
FWRD,3.6051286040189705,0.08315423929765917,21.51,0.010779521219261406,1.4740028050123628e-06,-0.23813275629535813,92.3512747875354
ALG,2.968012238400496,0.08060941850839948,21.09,0.0037374767844468534,2.8975136501345736e-06,-0.11891504274650531,92.63456090651559
LHX,15.178288977104827,0.025473729754558697,27.31,0.012915150639399459,2.7259198278943254e-06,-0.03699634458906107,92.91784702549575
ROP,5.038855380722475,0.039694530570487926,35.1,0.00508700888252801,9.370794942980086e-07,0.00029844355509897657,93.20113314447592
LNN,4.17662186399047,0.01856639680840195,121.33,0.012579453029857203,6.555642539673763e-05,-0.07100774600076107,93.48441926345609
TREX,17.23805661197149,0.033758902246720894,44.65,,1.7537272888757028e-06,-0.25469124470920307,93.76770538243626
CUB,2.276072075248246,0.05824939385015871,42.46,0.003996092747289205,1.3513539503916722e-06,-0.3272088338194607,94.05099150141642
VICR,8.330756677990843,0.019679282289458085,109.5,,4.693240914034429e-06,-0.2820949030093174,94.3342776203966
CSGP,8.18908083018682,0.01579699781974801,77.52,,5.625404039508534e-06,-0.24116332207151886,94.61756373937678
KSU,3.794876605694063,0.06940495823171923,30.49,0.009131829335786708,6.695350514884356e-07,-0.14946837198225318,94.90084985835693
AAXN,10.367517581777543,0.008498968656988022,307.49,,3.5382131189265196e-06,-0.3302208792567648,95.18413597733712
HEI,4.149364849528124,0.03235064553344832,50.59,0.001181098808789164,1.0205209704722224e-06,-0.03128594929650226,95.46742209631728
HLIO,2.6920847330667534,0.06684118529758235,23.2,0.008237985213014422,1.6897434916397811e-06,-0.63751647975206,95.75070821529745
OFLX,17.23427403468713,0.024602954650633967,62.56,0.00973908427847702,2.3790490977253883e-05,0.041871326672162715,96.03399433427762
HEI.A,4.71787887601542,0.04151589163845026,40.88,0.00151276755690659,7.696824667273384e-07,-0.07535817218044508,96.3172804532578
AWI,19.067813497801577,0.04720421915094163,22.31,0.006918969566594637,1.4732905632196457e-06,-0.09113136312613448,96.60056657223795
ODFL,6.199388678780384,0.06726407925917836,25.75,0.003220499300128263,6.918802684766584e-07,-0.0973142325869033,96.88385269121812
BCO,30.386456201451875,0.07884091124268718,68.0,0.006938663860262801,7.001819832467044e-07,-0.11902268806997177,97.16713881019831
AAON,11.746064092906987,0.027153882883663952,56.82,0.00607419742179782,1.512329306216438e-06,-0.006214442551200332,97.45042492917847
JBT,8.107047632277704,0.06608162429633743,28.51,0.003675177857450098,5.0710477935251785e-06,-0.027226653139959804,97.73371104815864
TTC,10.400200669766608,0.04622091109253876,32.33,0.01121271148848826,1.0615044706349184e-06,-0.3692812502471453,98.01699716713881
ESE,3.220491432840575,0.05324491925436469,32.16,0.003384849712354131,1.4477181968733203e-06,-0.21390111539169238,98.30028328611898
CTAS,10.07632603137364,0.04771503720606593,32.81,0.007688793546433816,9.368305303177707e-07,-0.14209239506422366,98.58356940509914
WAB,5.290353332124256,0.03960909839638262,56.93,0.006378756802187506,6.120916095067804e-07,-0.3645251798280058,98.86685552407933
EXPO,12.146596787498007,0.028238518027257065,49.4,0.008672415365767848,2.6595545433432477e-06,-0.04450236911597072,99.15014164305948
TRU,9.524826411314294,0.03779633284353262,49.0,0.0032549561192003955,3.3374798950578904e-07,-0.3664353805432977,99.43342776203966
AMOT,4.560279157981228,0.06292618403595832,27.93,0.002548219648456764,5.713625840439404e-06,-0.44329668375251335,99.71671388101983
CSWI,4.588046331542789,0.06147139345758513,33.19,0.00353236007648339,2.8125157730599213e-06,-0.14698320754183541,100.0
